census2010,GEOdisplaylabel,income2014,moe2014,highmoe2014,income2009,moe2009,highmoe2009,change,actualchange,totalchange
3400100100,"Absecon city, Atlantic County, New Jersey",61199,6872,"$61,199 ",69782,8184,"$69,782 ",-12.3,-12.3,-8583
3400102080,"Atlantic City city, Atlantic County, New Jersey",26936,1819,"$26,936 ",30601,1999,"$30,601 ",-12,-12,-3665
3400107810,"Brigantine city, Atlantic County, New Jersey",56310,9582,N/A,64375,6568,"$64,375 ",-12.5,N/A,-8065
3400108680,"Buena borough, Atlantic County, New Jersey",44010,9852,N/A,54695,5781,"$54,695 ",-19.5,N/A,-10685
3400108710,"Buena Vista township, Atlantic County, New Jersey",51856,3006,"$51,856 ",55541,7081,"$55,541 ",-6.6,-6.6,-3685
3400115160,"Corbin City city, Atlantic County, New Jersey",70833,32024,N/A,70694,9140,"$70,694 ",0.2,N/A,139
3400120290,"Egg Harbor township, Atlantic County, New Jersey",71868,5173,"$71,868 ",68596,3115,"$68,596 ",4.8,4.8,3272
3400120350,"Egg Harbor City city, Atlantic County, New Jersey",43246,6484,"$43,246 ",54367,9184,N/A,-20.5,N/A,-11121
3400121870,"Estell Manor city, Atlantic County, New Jersey",80000,7984,"$80,000 ",73611,4826,"$73,611 ",8.7,8.7,6389
3400123940,"Folsom borough, Atlantic County, New Jersey",63900,3571,"$63,900 ",71207,6938,"$71,207 ",-10.3,-10.3,-7307
3400125560,"Galloway township, Atlantic County, New Jersey",63444,4524,"$63,444 ",64566,3649,"$64,566 ",-1.7,-1.7,-1122
3400129280,"Hamilton township, Atlantic County, New Jersey",61233,3132,"$61,233 ",56985,3594,"$56,985 ",7.5,7.5,4248
3400129430,"Hammonton town, Atlantic County, New Jersey",61235,4309,"$61,235 ",57303,8480,"$57,303 ",6.9,6.9,3932
3400140530,"Linwood city, Atlantic County, New Jersey",88542,6882,"$88,542 ",83879,11777,"$83,879 ",5.6,5.6,4663
3400141370,"Longport borough, Atlantic County, New Jersey",80469,10731,"$80,469 ",83000,11254,"$83,000 ",-3,-3,-2531
3400143890,"Margate City city, Atlantic County, New Jersey",65568,7403,"$65,568 ",67958,7020,"$67,958 ",-3.5,-3.5,-2390
3400149410,"Mullica township, Atlantic County, New Jersey",62702,5915,"$62,702 ",55824,11846,N/A,12.3,N/A,6878
3400152950,"Northfield city, Atlantic County, New Jersey",67528,7508,"$67,528 ",68913,5526,"$68,913 ",-2,-2,-1385
3400159640,"Pleasantville city, Atlantic County, New Jersey",40521,2938,"$40,521 ",39806,5136,"$39,806 ",1.8,1.8,715
3400160600,"Port Republic city, Atlantic County, New Jersey",86172,10160,"$86,172 ",82917,15248,N/A,3.9,N/A,3255
3400168430,"Somers Point city, Atlantic County, New Jersey",47945,4205,"$47,945 ",49620,4912,"$49,620 ",-3.4,-3.4,-1675
3400175620,"Ventnor City city, Atlantic County, New Jersey",50129,4818,"$50,129 ",53806,4486,"$53,806 ",-6.8,-6.8,-3677
3400180330,"Weymouth township, Atlantic County, New Jersey",55469,9537,N/A,51712,8113,N/A,7.3,N/A,3757
3400300700,"Allendale borough, Bergen County, New Jersey",124821,24331,N/A,127757,21038,N/A,-2.3,N/A,-2936
3400301090,"Alpine borough, Bergen County, New Jersey",132250,31509,N/A,167917,25587,N/A,-21.2,N/A,-35667
3400305170,"Bergenfield borough, Bergen County, New Jersey",80365,6386,"$80,365 ",81324,7458,"$81,324 ",-1.2,-1.2,-959
3400306490,"Bogota borough, Bergen County, New Jersey",75957,4087,"$75,957 ",73911,11080,"$73,911 ",2.8,2.8,2046
3400310480,"Carlstadt borough, Bergen County, New Jersey",71847,15043,N/A,63903,8414,"$63,903 ",12.4,N/A,7944
3400313570,"Cliffside Park borough, Bergen County, New Jersey",56171,8171,"$56,171 ",68287,7697,"$68,287 ",-17.7,-17.7,-12116
3400313810,"Closter borough, Bergen County, New Jersey",119725,14711,"$119,725 ",115882,10494,"$115,882 ",3.3,3.3,3843
3400315820,"Cresskill borough, Bergen County, New Jersey",100342,11970,"$100,342 ",111786,18579,N/A,-10.2,N/A,-11444
3400317530,"Demarest borough, Bergen County, New Jersey",146200,21344,"$146,200 ",145087,18666,"$145,087 ",0.8,0.8,1113
3400318400,"Dumont borough, Bergen County, New Jersey",91811,10542,"$91,811 ",82606,4956,"$82,606 ",11.1,11.1,9205
3400319510,"East Rutherford borough, Bergen County, New Jersey",70934,7740,"$70,934 ",64613,4259,"$64,613 ",9.8,9.8,6321
3400320020,"Edgewater borough, Bergen County, New Jersey",99609,9985,"$99,609 ",82047,11947,"$82,047 ",21.4,21.4,17562
3400321300,"Elmwood Park borough, Bergen County, New Jersey",67500,8135,"$67,500 ",62886,5569,"$62,886 ",7.3,7.3,4614
3400321450,"Emerson borough, Bergen County, New Jersey",108295,17663,N/A,96341,11883,"$96,341 ",12.4,N/A,11954
3400321480,"Englewood city, Bergen County, New Jersey",73249,3378,"$73,249 ",70357,5382,"$70,357 ",4.1,4.1,2892
3400321510,"Englewood Cliffs borough, Bergen County, New Jersey",138780,18340,"$138,780 ",112292,34202,N/A,23.6,N/A,26488
3400322470,"Fair Lawn borough, Bergen County, New Jersey",100755,5761,"$100,755 ",90992,3788,"$90,992 ",10.7,10.7,9763
3400322560,"Fairview borough, Bergen County, New Jersey",51990,6777,"$51,990 ",41418,4389,"$41,418 ",25.5,25.5,10572
3400324420,"Fort Lee borough, Bergen County, New Jersey",67119,4973,"$67,119 ",72425,4405,"$72,425 ",-7.3,-7.3,-5306
3400324990,"Franklin Lakes borough, Bergen County, New Jersey",153657,27215,N/A,154018,23316,N/A,-0.2,N/A,-361
3400325770,"Garfield city, Bergen County, New Jersey",46499,3646,"$46,499 ",50917,2615,"$50,917 ",-8.7,-8.7,-4418
3400326640,"Glen Rock borough, Bergen County, New Jersey",154615,12274,"$154,615 ",138864,8002,"$138,864 ",11.3,11.3,15751
3400328680,"Hackensack city, Bergen County, New Jersey",53338,2836,"$53,338 ",59835,2693,"$59,835 ",-10.9,-10.9,-6497
3400330150,"Harrington Park borough, Bergen County, New Jersey",135114,12482,"$135,114 ",119514,23407,N/A,13.1,N/A,15600
3400330420,"Hasbrouck Heights borough, Bergen County, New Jersey",87705,14392,N/A,87806,7237,"$87,806 ",-0.1,N/A,-101
3400330540,"Haworth borough, Bergen County, New Jersey",147788,17125,"$147,788 ",134228,19647,"$134,228 ",10.1,10.1,13560
3400331920,"Hillsdale borough, Bergen County, New Jersey",113077,9331,"$113,077 ",121406,8843,"$121,406 ",-6.9,-6.9,-8329
3400332310,"Ho-Ho-Kus borough, Bergen County, New Jersey",153125,27793,N/A,157656,13576,"$157,656 ",-2.9,N/A,-4531
3400340020,"Leonia borough, Bergen County, New Jersey",78882,13386,N/A,68206,9319,"$68,206 ",15.7,N/A,10676
3400340680,"Little Ferry borough, Bergen County, New Jersey",63810,7532,"$63,810 ",59551,6032,"$59,551 ",7.2,7.2,4259
3400341100,"Lodi borough, Bergen County, New Jersey",48914,3205,"$48,914 ",54652,4022,"$54,652 ",-10.5,-10.5,-5738
3400342090,"Lyndhurst township, Bergen County, New Jersey",71848,4782,"$71,848 ",70591,7724,"$70,591 ",1.8,1.8,1257
3400342750,"Mahwah township, Bergen County, New Jersey",102168,4802,"$102,168 ",98430,6163,"$98,430 ",3.8,3.8,3738
3400344880,"Maywood borough, Bergen County, New Jersey",81500,9982,"$81,500 ",83065,4886,"$83,065 ",-1.9,-1.9,-1565
3400346110,"Midland Park borough, Bergen County, New Jersey",85966,10515,"$85,966 ",86920,9252,"$86,920 ",-1.1,-1.1,-954
3400347610,"Montvale borough, Bergen County, New Jersey",103361,10616,"$103,361 ",109921,10943,"$109,921 ",-6,-6,-6560
3400347700,"Moonachie borough, Bergen County, New Jersey",63438,15431,N/A,50286,7983,N/A,26.2,N/A,13152
3400351660,"New Milford borough, Bergen County, New Jersey",75071,4912,"$75,071 ",73729,5967,"$73,729 ",1.8,1.8,1342
3400352320,"North Arlington borough, Bergen County, New Jersey",71750,15562,N/A,71914,6974,"$71,914 ",-0.2,N/A,-164
3400353430,"Northvale borough, Bergen County, New Jersey",81792,16884,N/A,88750,16980,N/A,-7.8,N/A,-6958
3400353610,"Norwood borough, Bergen County, New Jersey",97962,13701,"$97,962 ",93640,15565,N/A,4.6,N/A,4322
3400353850,"Oakland borough, Bergen County, New Jersey",117596,7902,"$117,596 ",110479,3579,"$110,479 ",6.4,6.4,7117
3400354870,"Old Tappan borough, Bergen County, New Jersey",116151,32071,N/A,120625,22993,N/A,-3.7,N/A,-4474
3400354990,"Oradell borough, Bergen County, New Jersey",144222,12873,"$144,222 ",119365,15949,"$119,365 ",20.8,20.8,24857
3400355770,"Palisades Park borough, Bergen County, New Jersey",59429,6046,"$59,429 ",62303,5581,"$62,303 ",-4.6,-4.6,-2874
3400355950,"Paramus borough, Bergen County, New Jersey",96454,3346,"$96,454 ",102847,9209,"$102,847 ",-6.2,-6.2,-6393
3400356130,"Park Ridge borough, Bergen County, New Jersey",106327,7061,"$106,327 ",101583,8140,"$101,583 ",4.7,4.7,4744
3400361680,"Ramsey borough, Bergen County, New Jersey",122165,7276,"$122,165 ",118037,8473,"$118,037 ",3.5,3.5,4128
3400362910,"Ridgefield borough, Bergen County, New Jersey",69466,8734,"$69,466 ",66272,12786,N/A,4.8,N/A,3194
3400362940,"Ridgefield Park village, Bergen County, New Jersey",64741,7295,"$64,741 ",62433,6054,"$62,433 ",3.7,3.7,2308
3400363000,"Ridgewood village, Bergen County, New Jersey",141315,7804,"$141,315 ",138827,9829,"$138,827 ",1.8,1.8,2488
3400363360,"River Edge borough, Bergen County, New Jersey",104250,18284,N/A,91829,8666,"$91,829 ",13.5,N/A,12421
3400363690,"River Vale township, Bergen County, New Jersey",131764,6437,"$131,764 ",113734,9830,"$113,734 ",15.9,15.9,18030
3400363990,"Rochelle Park township, Bergen County, New Jersey",73389,4402,"$73,389 ",61613,11838,N/A,19.1,N/A,11776
3400364170,"Rockleigh borough, Bergen County, New Jersey",132917,62007,N/A,135833,66309,N/A,-2.1,N/A,-2916
3400365280,"Rutherford borough, Bergen County, New Jersey",82385,5464,"$82,385 ",86423,2369,"$86,423 ",-4.7,-4.7,-4038
3400365340,"Saddle Brook township, Bergen County, New Jersey",78132,10054,"$78,132 ",83396,7120,"$83,396 ",-6.3,-6.3,-5264
3400365400,"Saddle River borough, Bergen County, New Jersey",119669,35761,N/A,112380,61769,N/A,6.5,N/A,7289
3400368970,"South Hackensack township, Bergen County, New Jersey",66042,8355,"$66,042 ",64522,7174,"$64,522 ",2.4,2.4,1520
3400372360,"Teaneck township, Bergen County, New Jersey",95435,3989,"$95,435 ",93349,5285,"$93,349 ",2.2,2.2,2086
3400372420,"Tenafly borough, Bergen County, New Jersey",140923,22264,N/A,116359,24796,N/A,21.1,N/A,24564
3400372480,"Teterboro borough, Bergen County, New Jersey",53125,91987,N/A,76875,107391,N/A,-30.9,N/A,-23750
3400375140,"Upper Saddle River borough, Bergen County, New Jersey",188750,35561,N/A,162679,20618,"$162,679 ",16,N/A,26071
3400376400,"Waldwick borough, Bergen County, New Jersey",106750,10234,"$106,750 ",90083,7799,"$90,083 ",18.5,18.5,16667
3400376490,"Wallington borough, Bergen County, New Jersey",53502,5646,"$53,502 ",56859,3037,"$56,859 ",-5.9,-5.9,-3357
3400377135,"Washington township, Bergen County, New Jersey",115256,14607,"$115,256 ",101610,13220,"$101,610 ",13.4,13.4,13646
3400380270,"Westwood borough, Bergen County, New Jersey",85588,11134,"$85,588 ",76891,6559,"$76,891 ",11.3,11.3,8697
3400382300,"Woodcliff Lake borough, Bergen County, New Jersey",137724,22628,N/A,150972,29966,N/A,-8.8,N/A,-13248
3400382570,"Wood-Ridge borough, Bergen County, New Jersey",97006,3952,"$97,006 ",89629,3786,"$89,629 ",8.2,8.2,7377
3400383050,"Wyckoff township, Bergen County, New Jersey",141964,15272,"$141,964 ",138373,3589,"$138,373 ",2.6,2.6,3591
3400503370,"Bass River township, Burlington County, New Jersey",62738,4749,"$62,738 ",64327,11874,N/A,-2.5,N/A,-1589
3400505740,"Beverly city, Burlington County, New Jersey",52900,6684,"$52,900 ",58063,9717,N/A,-8.9,N/A,-5163
3400506670,"Bordentown city, Burlington County, New Jersey",70507,6003,"$70,507 ",65817,14042,N/A,7.1,N/A,4690
3400506700,"Bordentown township, Burlington County, New Jersey",85739,8676,"$85,739 ",83486,4846,"$83,486 ",2.7,2.7,2253
3400508920,"Burlington city, Burlington County, New Jersey",53941,5714,"$53,941 ",48379,3604,"$48,379 ",11.5,11.5,5562
3400508950,"Burlington township, Burlington County, New Jersey",85000,7483,"$85,000 ",84087,2823,"$84,087 ",1.1,1.1,913
3400512670,"Chesterfield township, Burlington County, New Jersey",121484,32250,N/A,111607,11528,"$111,607 ",8.8,N/A,9877
3400512940,"Cinnaminson township, Burlington County, New Jersey",94682,6594,"$94,682 ",88239,5136,"$88,239 ",7.3,7.3,6443
3400517080,"Delanco township, Burlington County, New Jersey",70556,10789,N/A,75167,8613,"$75,167 ",-6.1,N/A,-4611
3400517440,"Delran township, Burlington County, New Jersey",92585,6263,"$92,585 ",74247,3428,"$74,247 ",24.7,24.7,18338
3400518790,"Eastampton township, Burlington County, New Jersey",68866,9668,"$68,866 ",74107,12299,N/A,-7.1,N/A,-5241
3400520050,"Edgewater Park township, Burlington County, New Jersey",62237,4529,"$62,237 ",55233,4574,"$55,233 ",12.7,12.7,7004
3400522110,"Evesham township, Burlington County, New Jersey",93732,4111,"$93,732 ",87616,3068,"$87,616 ",7,7,6116
3400523250,"Fieldsboro borough, Burlington County, New Jersey",81719,17959,N/A,57135,10348,N/A,43,N/A,24584
3400523850,"Florence township, Burlington County, New Jersey",79987,4177,"$79,987 ",73789,3219,"$73,789 ",8.4,8.4,6198
3400529010,"Hainesport township, Burlington County, New Jersey",91787,5617,"$91,787 ",79506,6886,"$79,506 ",15.4,15.4,12281
3400542060,"Lumberton township, Burlington County, New Jersey",88299,4902,"$88,299 ",76631,6233,"$76,631 ",15.2,15.2,11668
3400543290,"Mansfield township, Burlington County, New Jersey",90865,15388,N/A,74209,8116,"$74,209 ",22.4,N/A,16656
3400543740,"Maple Shade township, Burlington County, New Jersey",58750,4460,"$58,750 ",49860,2651,"$49,860 ",17.8,17.8,8890
3400545120,"Medford township, Burlington County, New Jersey",109033,6269,"$109,033 ",104338,4507,"$104,338 ",4.5,4.5,4695
3400545210,"Medford Lakes borough, Burlington County, New Jersey",108988,10717,"$108,988 ",88594,13564,N/A,23,N/A,20394
3400547880,"Moorestown township, Burlington County, New Jersey",118875,11030,"$118,875 ",108995,8093,"$108,995 ",9.1,9.1,9880
3400548900,"Mount Holly township, Burlington County, New Jersey",61767,3953,"$61,767 ",51261,4159,"$51,261 ",20.5,20.5,10506
3400549020,"Mount Laurel township, Burlington County, New Jersey",85301,4619,"$85,301 ",80457,3838,"$80,457 ",6,6,4844
3400551510,"New Hanover township, Burlington County, New Jersey",83125,10468,"$83,125 ",75146,12335,N/A,10.6,N/A,7979
3400553070,"North Hanover township, Burlington County, New Jersey",60460,7858,"$60,460 ",62225,6416,"$62,225 ",-2.8,-2.8,-1765
3400555800,"Palmyra borough, Burlington County, New Jersey",63598,6852,"$63,598 ",61844,6145,"$61,844 ",2.8,2.8,1754
3400557480,"Pemberton borough, Burlington County, New Jersey",67159,8232,"$67,159 ",63750,8951,"$63,750 ",5.3,5.3,3409
3400557510,"Pemberton township, Burlington County, New Jersey",61217,2895,"$61,217 ",63188,3093,"$63,188 ",-3.1,-3.1,-1971
3400563510,"Riverside township, Burlington County, New Jersey",53083,6159,"$53,083 ",59345,6030,"$59,345 ",-10.6,-10.6,-6262
3400563660,"Riverton borough, Burlington County, New Jersey",89286,8733,"$89,286 ",90223,6665,"$90,223 ",-1,-1,-937
3400566810,"Shamong township, Burlington County, New Jersey",97778,10763,"$97,778 ",102366,7564,"$102,366 ",-4.5,-4.5,-4588
3400568610,"Southampton township, Burlington County, New Jersey",56130,1894,"$56,130 ",52604,4226,"$52,604 ",6.7,6.7,3526
3400569990,"Springfield township, Burlington County, New Jersey",105139,9654,"$105,139 ",96635,10623,"$96,635 ",8.8,8.8,8504
3400572060,"Tabernacle township, Burlington County, New Jersey",105300,21510,N/A,87125,11091,"$87,125 ",20.9,N/A,18175
3400577150,"Washington township, Burlington County, New Jersey",81500,14369,N/A,77656,7516,"$77,656 ",5,N/A,3844
3400578200,"Westampton township, Burlington County, New Jersey",104000,9420,"$104,000 ",90221,10136,"$90,221 ",15.3,15.3,13779
3400581440,"Willingboro township, Burlington County, New Jersey",68479,3040,"$68,479 ",64581,4804,"$64,581 ",6,6,3898
3400582420,"Woodland township, Burlington County, New Jersey",85625,11866,"$85,625 ",66875,11988,N/A,28,N/A,18750
3400582960,"Wrightstown borough, Burlington County, New Jersey",43527,5573,"$43,527 ",44464,11981,N/A,-2.1,N/A,-937
3400702200,"Audubon borough, Camden County, New Jersey",77825,5803,"$77,825 ",68859,5538,"$68,859 ",13,13,8966
3400702230,"Audubon Park borough, Camden County, New Jersey",44643,6599,"$44,643 ",40667,7276,N/A,9.8,N/A,3976
3400703250,"Barrington borough, Camden County, New Jersey",62283,11856,N/A,53714,6763,"$53,714 ",16,N/A,8569
3400704750,"Bellmawr borough, Camden County, New Jersey",50450,5161,"$50,450 ",55932,2646,"$55,932 ",-9.8,-9.8,-5482
3400705440,"Berlin borough, Camden County, New Jersey",76346,12110,N/A,70136,7421,"$70,136 ",8.9,N/A,6210
3400705470,"Berlin township, Camden County, New Jersey",67241,7143,"$67,241 ",61860,9799,N/A,8.7,N/A,5381
3400708170,"Brooklawn borough, Camden County, New Jersey",60625,5405,"$60,625 ",56706,3140,"$56,706 ",6.9,6.9,3919
3400710000,"Camden city, Camden County, New Jersey",26201,1649,"$26,201 ",25418,1211,"$25,418 ",3.1,3.1,783
3400712280,"Cherry Hill township, Camden County, New Jersey",89567,2602,"$89,567 ",87392,3370,"$87,392 ",2.5,2.5,2175
3400712550,"Chesilhurst borough, Camden County, New Jersey",54083,10192,N/A,49333,8904,N/A,9.6,N/A,4750
3400713420,"Clementon borough, Camden County, New Jersey",47042,14748,N/A,46029,8676,N/A,2.2,N/A,1013
3400714260,"Collingswood borough, Camden County, New Jersey",59705,7598,"$59,705 ",56751,3495,"$56,751 ",5.2,5.2,2954
3400726070,"Gibbsboro borough, Camden County, New Jersey",83346,5329,"$83,346 ",77879,8087,"$77,879 ",7,7,5467
3400726760,"Gloucester township, Camden County, New Jersey",72699,2668,"$72,699 ",70077,2851,"$70,077 ",3.7,3.7,2622
3400726820,"Gloucester City city, Camden County, New Jersey",51153,5146,"$51,153 ",47011,4371,"$47,011 ",8.8,8.8,4142
3400728740,"Haddon township, Camden County, New Jersey",78489,5059,"$78,489 ",71546,6725,"$71,546 ",9.7,9.7,6943
3400728770,"Haddonfield borough, Camden County, New Jersey",125000,11448,"$125,000 ",109259,10282,"$109,259 ",14.4,14.4,15741
3400728800,"Haddon Heights borough, Camden County, New Jersey",86409,5978,"$86,409 ",79392,9432,"$79,392 ",8.8,8.8,7017
3400732220,"Hi-Nella borough, Camden County, New Jersey",47404,6472,"$47,404 ",38333,7152,N/A,23.7,N/A,9071
3400739210,"Laurel Springs borough, Camden County, New Jersey",86000,11596,"$86,000 ",62083,8917,"$62,083 ",38.5,38.5,23917
3400739420,"Lawnside borough, Camden County, New Jersey",55868,8064,"$55,868 ",52778,6209,"$52,778 ",5.9,5.9,3090
3400740440,"Lindenwold borough, Camden County, New Jersey",40578,3475,"$40,578 ",47180,3275,"$47,180 ",-14,-14,-6602
3400742630,"Magnolia borough, Camden County, New Jersey",56534,4874,"$56,534 ",57375,3176,"$57,375 ",-1.5,-1.5,-841
3400745510,"Merchantville borough, Camden County, New Jersey",65313,7036,"$65,313 ",70068,12146,N/A,-6.8,N/A,-4755
3400748750,"Mount Ephraim borough, Camden County, New Jersey",62401,6859,"$62,401 ",58771,5516,"$58,771 ",6.2,6.2,3630
3400753880,"Oaklyn borough, Camden County, New Jersey",61968,6354,"$61,968 ",60704,6732,"$60,704 ",2.1,2.1,1264
3400757660,"Pennsauken township, Camden County, New Jersey",60433,3428,"$60,433 ",59589,2698,"$59,589 ",1.4,1.4,844
3400758770,"Pine Hill borough, Camden County, New Jersey",50876,6174,"$50,876 ",53799,3566,"$53,799 ",-5.4,-5.4,-2923
3400765160,"Runnemede borough, Camden County, New Jersey",58006,6250,"$58,006 ",54323,4924,"$54,323 ",6.8,6.8,3683
3400768340,"Somerdale borough, Camden County, New Jersey",51007,2795,"$51,007 ",65975,4176,"$65,975 ",-22.7,-22.7,-14968
3400771220,"Stratford borough, Camden County, New Jersey",66325,4034,"$66,325 ",62232,6029,"$62,232 ",6.6,6.6,4093
3400776220,"Voorhees township, Camden County, New Jersey",75858,4436,"$75,858 ",84869,5485,"$84,869 ",-10.6,-10.6,-9011
3400777630,"Waterford township, Camden County, New Jersey",71807,6373,"$71,807 ",75806,9045,"$75,806 ",-5.3,-5.3,-3999
3400781740,"Winslow township, Camden County, New Jersey",69312,4202,"$69,312 ",67158,3173,"$67,158 ",3.2,3.2,2154
3400782450,"Woodlynne borough, Camden County, New Jersey",41161,6480,N/A,45625,11526,N/A,-9.8,N/A,-4464
3400902320,"Avalon borough, Cape May County, New Jersey",81023,20302,N/A,85855,10886,"$85,855 ",-5.6,N/A,-4832
3400910270,"Cape May city, Cape May County, New Jersey",49375,11429,N/A,34857,11085,N/A,41.7,N/A,14518
3400910330,"Cape May Point borough, Cape May County, New Jersey",58125,10954,N/A,37500,38187,N/A,55,N/A,20625
3400917560,"Dennis township, Cape May County, New Jersey",71354,14554,N/A,86301,5964,"$86,301 ",-17.3,N/A,-14947
3400941610,"Lower township, Cape May County, New Jersey",53624,3350,"$53,624 ",49692,2713,"$49,692 ",7.9,7.9,3932
3400945810,"Middle township, Cape May County, New Jersey",60156,6293,"$60,156 ",59660,4085,"$59,660 ",0.8,0.8,496
3400953490,"North Wildwood city, Cape May County, New Jersey",43833,4568,"$43,833 ",44918,9947,N/A,-2.4,N/A,-1085
3400954360,"Ocean City city, Cape May County, New Jersey",59522,5147,"$59,522 ",57597,8020,"$57,597 ",3.3,3.3,1925
3400966390,"Sea Isle City city, Cape May County, New Jersey",61875,15878,N/A,53859,14714,N/A,14.9,N/A,8016
3400971010,"Stone Harbor borough, Cape May County, New Jersey",72574,12605,N/A,68188,6287,"$68,188 ",6.4,N/A,4386
3400974810,"Upper township, Cape May County, New Jersey",77198,3579,"$77,198 ",79972,7239,"$79,972 ",-3.5,-3.5,-2774
3400978530,"West Cape May borough, Cape May County, New Jersey",46667,5929,"$46,667 ",55192,7649,"$55,192 ",-15.4,-15.4,-8525
3400980210,"West Wildwood borough, Cape May County, New Jersey",50167,11403,N/A,45781,14925,N/A,9.6,N/A,4386
3400981170,"Wildwood city, Cape May County, New Jersey",26742,3689,"$26,742 ",30974,5386,N/A,-13.7,N/A,-4232
3400981200,"Wildwood Crest borough, Cape May County, New Jersey",67375,15577,N/A,43673,7650,N/A,54.3,N/A,23702
3400981890,"Woodbine borough, Cape May County, New Jersey",34919,6827,N/A,36686,9767,N/A,-4.8,N/A,-1767
3401107600,"Bridgeton city, Cumberland County, New Jersey",35352,2927,"$35,352 ",32464,2972,"$32,464 ",8.9,8.9,2888
3401114710,"Commercial township, Cumberland County, New Jersey",48164,6120,"$48,164 ",48598,9750,N/A,-0.9,N/A,-434
3401116900,"Deerfield township, Cumberland County, New Jersey",74032,6087,"$74,032 ",68477,5462,"$68,477 ",8.1,8.1,5555
3401118220,"Downe township, Cumberland County, New Jersey",45985,7645,N/A,43902,4962,"$43,902 ",4.7,N/A,2083
3401122350,"Fairfield township, Cumberland County, New Jersey",45250,4158,"$45,250 ",47165,3574,"$47,165 ",-4.1,-4.1,-1915
3401128170,"Greenwich township, Cumberland County, New Jersey",63438,19706,N/A,56667,14667,N/A,11.9,N/A,6771
3401133120,"Hopewell township, Cumberland County, New Jersey",63403,10918,N/A,62739,6946,"$62,739 ",1.1,N/A,664
3401139450,"Lawrence township, Cumberland County, New Jersey",66513,13759,N/A,64628,7908,"$64,628 ",2.9,N/A,1885
3401144580,"Maurice River township, Cumberland County, New Jersey",56287,14170,N/A,67481,11370,N/A,-16.6,N/A,-11194
3401146680,"Millville city, Cumberland County, New Jersey",50787,5029,"$50,787 ",47244,4664,"$47,244 ",7.5,7.5,3543
3401167020,"Shiloh borough, Cumberland County, New Jersey",78036,12725,N/A,49306,22919,N/A,58.3,N/A,28730
3401171160,"Stow Creek township, Cumberland County, New Jersey",71442,5974,"$71,442 ",69375,7316,"$69,375 ",3,3,2067
3401174870,"Upper Deerfield township, Cumberland County, New Jersey",53791,3858,"$53,791 ",57956,8140,"$57,956 ",-7.2,-7.2,-4165
3401176070,"Vineland city, Cumberland County, New Jersey",50690,2482,"$50,690 ",52422,2656,"$52,422 ",-3.3,-3.3,-1732
3401304695,"Belleville township, Essex County, New Jersey",65462,2362,"$65,462 ",57752,2391,"$57,752 ",13.4,13.4,7710
3401306260,"Bloomfield township, Essex County, New Jersey",71521,2759,"$71,521 ",66267,3853,"$66,267 ",7.9,7.9,5254
3401309250,"Caldwell borough, Essex County, New Jersey",73299,5831,"$73,299 ",79711,9614,"$79,711 ",-8,-8,-6412
3401311200,"Cedar Grove township, Essex County, New Jersey",103384,8389,"$103,384 ",88594,7525,"$88,594 ",16.7,16.7,14790
3401313045,"City of Orange township, Essex County, New Jersey",32749,2467,"$32,749 ",40981,1895,"$40,981 ",-20.1,-20.1,-8232
3401319390,"East Orange city, Essex County, New Jersey",36978,1638,"$36,978 ",39116,2659,"$39,116 ",-5.5,-5.5,-2138
3401321840,"Essex Fells borough, Essex County, New Jersey",174050,10677,"$174,050 ",172159,16619,"$172,159 ",1.1,1.1,1891
3401322385,"Fairfield township, Essex County, New Jersey",96602,17519,N/A,96981,16408,N/A,-0.4,N/A,-379
3401326610,"Glen Ridge borough, Essex County, New Jersey",169006,18534,"$169,006 ",158173,11829,"$158,173 ",6.8,6.8,10833
3401334450,"Irvington township, Essex County, New Jersey",38165,3019,"$38,165 ",44016,2676,"$44,016 ",-13.3,-13.3,-5851
3401340890,"Livingston township, Essex County, New Jersey",137665,8937,"$137,665 ",124936,7632,"$124,936 ",10.2,10.2,12729
3401343800,"Maplewood township, Essex County, New Jersey",116014,9149,"$116,014 ",101912,5524,"$101,912 ",13.8,13.8,14102
3401346380,"Millburn township, Essex County, New Jersey",165944,18572,"$165,944 ",169678,12560,"$169,678 ",-2.2,-2.2,-3734
3401347500,"Montclair township, Essex County, New Jersey",97907,4717,"$97,907 ",92873,5970,"$92,873 ",5.4,5.4,5034
3401351000,"Newark city, Essex County, New Jersey",34012,799,"$34,012 ",35507,1001,"$35,507 ",-4.2,-4.2,-1495
3401352620,"North Caldwell borough, Essex County, New Jersey",194536,21125,"$194,536 ",162422,35493,N/A,19.8,N/A,32114
3401353680,"Nutley township, Essex County, New Jersey",84711,5620,"$84,711 ",76994,7519,"$76,994 ",10,10,7717
3401364590,"Roseland borough, Essex County, New Jersey",108421,18196,N/A,100560,13537,"$100,560 ",7.8,N/A,7861
3401369274,"South Orange Village township, Essex County, New Jersey",119888,11051,"$119,888 ",116607,5526,"$116,607 ",2.8,2.8,3281
3401375815,"Verona township, Essex County, New Jersey",100503,7457,"$100,503 ",91818,9121,"$91,818 ",9.5,9.5,8685
3401378510,"West Caldwell township, Essex County, New Jersey",101083,10219,"$101,083 ",98218,6313,"$98,218 ",2.9,2.9,2865
3401379800,"West Orange township, Essex County, New Jersey",90031,4323,"$90,031 ",89034,4924,"$89,034 ",1.1,1.1,997
3401513360,"Clayton borough, Gloucester County, New Jersey",64183,8154,"$64,183 ",69111,7033,"$69,111 ",-7.1,-7.1,-4928
3401517710,"Deptford township, Gloucester County, New Jersey",67196,4299,"$67,196 ",65866,3151,"$65,866 ",2,2,1330
3401519180,"East Greenwich township, Gloucester County, New Jersey",112697,8783,"$112,697 ",94174,12148,"$94,174 ",19.7,19.7,18523
3401521060,"Elk township, Gloucester County, New Jersey",77457,10446,"$77,457 ",69508,10127,"$69,508 ",11.4,11.4,7949
3401524840,"Franklin township, Gloucester County, New Jersey",76830,3070,"$76,830 ",75994,4720,"$75,994 ",1.1,1.1,836
3401526340,"Glassboro borough, Gloucester County, New Jersey",64136,6051,"$64,136 ",53708,3688,"$53,708 ",19.4,19.4,10428
3401528185,"Greenwich township, Gloucester County, New Jersey",69861,7423,"$69,861 ",62594,7539,"$62,594 ",11.6,11.6,7267
3401530180,"Harrison township, Gloucester County, New Jersey",127875,7324,"$127,875 ",94602,9514,"$94,602 ",35.2,35.2,33273
3401541160,"Logan township, Gloucester County, New Jersey",90164,16347,N/A,88780,11086,"$88,780 ",1.6,N/A,1384
3401543440,"Mantua township, Gloucester County, New Jersey",82204,6192,"$82,204 ",80146,3796,"$80,146 ",2.6,2.6,2058
3401547250,"Monroe township, Gloucester County, New Jersey",71741,3329,"$71,741 ",65911,3878,"$65,911 ",8.8,8.8,5830
3401549680,"National Park borough, Gloucester County, New Jersey",62042,7499,"$62,042 ",68750,5699,"$68,750 ",-9.8,-9.8,-6708
3401551390,"Newfield borough, Gloucester County, New Jersey",71739,6746,"$71,739 ",60529,4781,"$60,529 ",18.5,18.5,11210
3401557150,"Paulsboro borough, Gloucester County, New Jersey",41061,7736,N/A,46897,10367,N/A,-12.4,N/A,-5836
3401559070,"Pitman borough, Gloucester County, New Jersey",70058,7346,"$70,058 ",66647,6241,"$66,647 ",5.1,5.1,3411
3401569030,"South Harrison township, Gloucester County, New Jersey",114353,7534,"$114,353 ",119931,12207,"$119,931 ",-4.7,-4.7,-5578
3401571850,"Swedesboro borough, Gloucester County, New Jersey",73036,11789,N/A,64188,9451,"$64,188 ",13.8,N/A,8848
3401577180,"Washington township, Gloucester County, New Jersey",83600,2739,"$83,600 ",80567,3897,"$80,567 ",3.8,3.8,3033
3401578110,"Wenonah borough, Gloucester County, New Jersey",107279,7563,"$107,279 ",104871,9442,"$104,871 ",2.3,2.3,2408
3401578800,"West Deptford township, Gloucester County, New Jersey",67866,4848,"$67,866 ",68689,4395,"$68,689 ",-1.2,-1.2,-823
3401580120,"Westville borough, Gloucester County, New Jersey",60186,11251,N/A,52586,4578,"$52,586 ",14.5,N/A,7600
3401582120,"Woodbury city, Gloucester County, New Jersey",53359,8667,N/A,53564,4604,"$53,564 ",-0.4,N/A,-205
3401582180,"Woodbury Heights borough, Gloucester County, New Jersey",76993,9891,"$76,993 ",81921,10689,"$81,921 ",-6,-6,-4928
3401582840,"Woolwich township, Gloucester County, New Jersey",117571,7152,"$117,571 ",109588,5163,"$109,588 ",7.3,7.3,7983
3401703580,"Bayonne city, Hudson County, New Jersey",55224,2270,"$55,224 ",50423,2626,"$50,423 ",9.5,9.5,4801
3401719360,"East Newark borough, Hudson County, New Jersey",53281,9602,N/A,50347,4751,"$50,347 ",5.8,N/A,2934
3401728650,"Guttenberg town, Hudson County, New Jersey",52466,5180,"$52,466 ",50766,6294,"$50,766 ",3.3,3.3,1700
3401730210,"Harrison town, Hudson County, New Jersey",53772,4660,"$53,772 ",49596,3106,"$49,596 ",8.4,8.4,4176
3401732250,"Hoboken city, Hudson County, New Jersey",106875,3864,"$106,875 ",105710,5770,"$105,710 ",1.1,1.1,1165
3401736000,"Jersey City city, Hudson County, New Jersey",58907,1899,"$58,907 ",51826,1635,"$51,826 ",13.7,13.7,7081
3401736510,"Kearny town, Hudson County, New Jersey",63093,4585,"$63,093 ",58589,3528,"$58,589 ",7.7,7.7,4504
3401752470,"North Bergen township, Hudson County, New Jersey",54365,3845,"$54,365 ",51497,3450,"$51,497 ",5.6,5.6,2868
3401766570,"Secaucus town, Hudson County, New Jersey",84626,6065,"$84,626 ",81944,8814,"$81,944 ",3.3,3.3,2682
3401774630,"Union City city, Hudson County, New Jersey",40939,2049,"$40,939 ",39001,2649,"$39,001 ",5,5,1938
3401777930,"Weehawken township, Hudson County, New Jersey",72874,5814,"$72,874 ",66612,9147,"$66,612 ",9.4,9.4,6262
3401779610,"West New York town, Hudson County, New Jersey",45412,2610,"$45,412 ",42561,2361,"$42,561 ",6.7,6.7,2851
3401900550,"Alexandria township, Hunterdon County, New Jersey",127356,13542,"$127,356 ",108125,11941,"$108,125 ",17.8,17.8,19231
3401905650,"Bethlehem township, Hunterdon County, New Jersey",130856,12041,"$130,856 ",125966,19523,N/A,3.9,N/A,4890
3401906370,"Bloomsbury borough, Hunterdon County, New Jersey",80000,15180,N/A,102935,14981,"$102,935 ",-22.3,N/A,-22935
3401909280,"Califon borough, Hunterdon County, New Jersey",117059,18958,N/A,98828,8248,"$98,828 ",18.4,N/A,18231
3401913720,"Clinton town, Hunterdon County, New Jersey",101923,9879,"$101,923 ",81083,12904,N/A,25.7,N/A,20840
3401913750,"Clinton township, Hunterdon County, New Jersey",124583,15324,"$124,583 ",116910,8592,"$116,910 ",6.6,6.6,7673
3401917170,"Delaware township, Hunterdon County, New Jersey",111339,13927,"$111,339 ",93586,11833,"$93,586 ",19,19,17753
3401918820,"East Amwell township, Hunterdon County, New Jersey",97768,9544,"$97,768 ",109893,18764,N/A,-11,N/A,-12125
3401923700,"Flemington borough, Hunterdon County, New Jersey",48810,6316,"$48,810 ",53606,8335,N/A,-8.9,N/A,-4796
3401924870,"Franklin township, Hunterdon County, New Jersey",96406,25601,N/A,105114,20825,N/A,-8.3,N/A,-8708
3401925350,"Frenchtown borough, Hunterdon County, New Jersey",74375,10278,"$74,375 ",65341,11162,N/A,13.8,N/A,9034
3401926550,"Glen Gardner borough, Hunterdon County, New Jersey",68333,11314,N/A,71818,15134,N/A,-4.9,N/A,-3485
3401929460,"Hampton borough, Hunterdon County, New Jersey",75855,10511,"$75,855 ",64327,11094,N/A,17.9,N/A,11528
3401931320,"High Bridge borough, Hunterdon County, New Jersey",95357,12442,"$95,357 ",80947,13373,N/A,17.8,N/A,14410
3401932460,"Holland township, Hunterdon County, New Jersey",85905,15249,N/A,86641,12389,"$86,641 ",-0.8,N/A,-736
3401937065,"Kingwood township, Hunterdon County, New Jersey",110053,8171,"$110,053 ",98791,10907,"$98,791 ",11.4,11.4,11262
3401938610,"Lambertville city, Hunterdon County, New Jersey",83486,14822,N/A,73561,9479,"$73,561 ",13.5,N/A,9925
3401939630,"Lebanon borough, Hunterdon County, New Jersey",85552,4213,"$85,552 ",69643,5251,"$69,643 ",22.8,22.8,15909
3401939660,"Lebanon township, Hunterdon County, New Jersey",108516,24713,N/A,97974,23490,N/A,10.8,N/A,10542
3401946260,"Milford borough, Hunterdon County, New Jersey",81136,6910,"$81,136 ",74013,8613,"$74,013 ",9.6,9.6,7123
3401961920,"Raritan township, Hunterdon County, New Jersey",113214,8463,"$113,214 ",114118,7607,"$114,118 ",-0.8,-0.8,-904
3401962250,"Readington township, Hunterdon County, New Jersey",121210,10279,"$121,210 ",118465,7075,"$118,465 ",2.3,2.3,2745
3401970980,"Stockton borough, Hunterdon County, New Jersey",93409,15696,N/A,56667,11738,N/A,64.8,N/A,36742
3401972510,"Tewksbury township, Hunterdon County, New Jersey",166295,10935,"$166,295 ",149899,18307,"$149,899 ",10.9,10.9,16396
3401974420,"Union township, Hunterdon County, New Jersey",118859,15244,"$118,859 ",110673,15460,"$110,673 ",7.4,7.4,8186
3401978230,"West Amwell township, Hunterdon County, New Jersey",101833,12013,"$101,833 ",102083,13343,"$102,083 ",-0.2,-0.2,-250
3402119780,"East Windsor township, Mercer County, New Jersey",83539,5119,"$83,539 ",86070,3981,"$86,070 ",-2.9,-2.9,-2531
3402122185,"Ewing township, Mercer County, New Jersey",77479,4388,"$77,479 ",70576,3669,"$70,576 ",9.8,9.8,6903
3402129310,"Hamilton township, Mercer County, New Jersey",71197,2501,"$71,197 ",72052,2119,"$72,052 ",-1.2,-1.2,-855
3402131620,"Hightstown borough, Mercer County, New Jersey",72432,13945,N/A,64390,6022,"$64,390 ",12.5,N/A,8042
3402133150,"Hopewell borough, Mercer County, New Jersey",101354,8707,"$101,354 ",116250,18450,N/A,-12.8,N/A,-14896
3402133180,"Hopewell township, Mercer County, New Jersey",144539,16760,"$144,539 ",127955,13448,"$127,955 ",13,13,16584
3402139510,"Lawrence township, Mercer County, New Jersey",88308,5057,"$88,308 ",88082,5905,"$88,082 ",0.3,0.3,226
3402157600,"Pennington borough, Mercer County, New Jersey",116583,13727,"$116,583 ",110179,17728,N/A,5.8,N/A,6404
3402160900,"Princeton borough, Mercer County, New Jersey",116875,8047,"$116,875 ",106551,16150,N/A,9.7,N/A,10324
3402163850,"Robbinsville township, Mercer County, New Jersey",114593,9256,"$114,593 ",100417,14556,"$100,417 ",14.1,14.1,14176
3402174000,"Trenton city, Mercer County, New Jersey",35647,2262,"$35,647 ",35372,2027,"$35,372 ",0.8,0.8,275
3402180240,"West Windsor township, Mercer County, New Jersey",161716,10428,"$161,716 ",131550,7119,"$131,550 ",22.9,22.9,30166
3402310750,"Carteret borough, Middlesex County, New Jersey",64294,4488,"$64,294 ",55379,5526,"$55,379 ",16.1,16.1,8915
3402315550,"Cranbury township, Middlesex County, New Jersey",135139,26777,N/A,134375,20859,N/A,0.6,N/A,764
3402318490,"Dunellen borough, Middlesex County, New Jersey",76214,4809,"$76,214 ",63667,8245,"$63,667 ",19.7,19.7,12547
3402319000,"East Brunswick township, Middlesex County, New Jersey",97270,5691,"$97,270 ",101283,4186,"$101,283 ",-4,-4,-4013
3402320230,"Edison township, Middlesex County, New Jersey",91881,2339,"$91,881 ",83891,2382,"$83,891 ",9.5,9.5,7990
3402330840,"Helmetta borough, Middlesex County, New Jersey",77574,8561,"$77,574 ",75588,8353,"$75,588 ",2.6,2.6,1986
3402331470,"Highland Park borough, Middlesex County, New Jersey",66414,9972,N/A,71307,6357,"$71,307 ",-6.9,N/A,-4893
3402334890,"Jamesburg borough, Middlesex County, New Jersey",66806,10859,N/A,62348,13885,N/A,7.2,N/A,4458
3402345690,"Metuchen borough, Middlesex County, New Jersey",109351,5193,"$109,351 ",88864,7790,"$88,864 ",23.1,23.1,20487
3402345900,"Middlesex borough, Middlesex County, New Jersey",81424,8661,"$81,424 ",79132,5935,"$79,132 ",2.9,2.9,2292
3402346620,"Milltown borough, Middlesex County, New Jersey",99265,13160,"$99,265 ",92804,15649,N/A,7,N/A,6461
3402347280,"Monroe township, Middlesex County, New Jersey",70772,3463,"$70,772 ",72421,3827,"$72,421 ",-2.3,-2.3,-1649
3402351210,"New Brunswick city, Middlesex County, New Jersey",38399,2320,"$38,399 ",45645,2021,"$45,645 ",-15.9,-15.9,-7246
3402352560,"North Brunswick township, Middlesex County, New Jersey",80505,3863,"$80,505 ",78405,4405,"$78,405 ",2.7,2.7,2100
3402354705,"Old Bridge township, Middlesex County, New Jersey",84300,3458,"$84,300 ",83531,2384,"$83,531 ",0.9,0.9,769
3402358200,"Perth Amboy city, Middlesex County, New Jersey",45276,3037,"$45,276 ",47782,3765,"$47,782 ",-5.2,-5.2,-2506
3402359010,"Piscataway township, Middlesex County, New Jersey",89529,2940,"$89,529 ",85157,3123,"$85,157 ",5.1,5.1,4372
3402359280,"Plainsboro township, Middlesex County, New Jersey",92967,6582,"$92,967 ",86014,3604,"$86,014 ",8.1,8.1,6953
3402365790,"Sayreville borough, Middlesex County, New Jersey",81136,3009,"$81,136 ",72213,3639,"$72,213 ",12.4,12.4,8923
3402368550,"South Amboy city, Middlesex County, New Jersey",73710,14635,N/A,54375,5579,"$54,375 ",35.6,N/A,19335
3402368790,"South Brunswick township, Middlesex County, New Jersey",110167,2859,"$110,167 ",100969,4266,"$100,969 ",9.1,9.1,9198
3402369390,"South Plainfield borough, Middlesex County, New Jersey",90880,5681,"$90,880 ",89573,3436,"$89,573 ",1.5,1.5,1307
3402369420,"South River borough, Middlesex County, New Jersey",65509,6425,"$65,509 ",63590,6941,"$63,590 ",3,3,1919
3402369810,"Spotswood borough, Middlesex County, New Jersey",76110,4589,"$76,110 ",64736,7532,"$64,736 ",17.6,17.6,11374
3402382000,"Woodbridge township, Middlesex County, New Jersey",80134,2115,"$80,134 ",77283,1705,"$77,283 ",3.7,3.7,2851
3402500070,"Aberdeen township, Monmouth County, New Jersey",88630,4820,"$88,630 ",86675,4888,"$86,675 ",2.3,2.3,1955
3402500730,"Allenhurst borough, Monmouth County, New Jersey",84115,14412,N/A,76964,13128,N/A,9.3,N/A,7151
3402500760,"Allentown borough, Monmouth County, New Jersey",102250,14385,"$102,250 ",81083,7601,"$81,083 ",26.1,26.1,21167
3402501960,"Asbury Park city, Monmouth County, New Jersey",32459,3598,"$32,459 ",30923,2458,"$30,923 ",5,5,1536
3402502110,"Atlantic Highlands borough, Monmouth County, New Jersey",82596,21018,N/A,84375,18012,N/A,-2.1,N/A,-1779
3402502440,"Avon-by-the-Sea borough, Monmouth County, New Jersey",70336,8268,"$70,336 ",87650,11557,"$87,650 ",-19.8,-19.8,-17314
3402504930,"Belmar borough, Monmouth County, New Jersey",59557,9502,N/A,56701,5319,"$56,701 ",5,N/A,2856
3402506970,"Bradley Beach borough, Monmouth County, New Jersey",60216,8903,"$60,216 ",62925,6620,"$62,925 ",-4.3,-4.3,-2709
3402507750,"Brielle borough, Monmouth County, New Jersey",120711,11982,"$120,711 ",96700,8721,"$96,700 ",24.8,24.8,24011
3402514560,"Colts Neck township, Monmouth County, New Jersey",136488,10281,"$136,488 ",170038,15892,"$170,038 ",-19.7,-19.7,-33550
3402516660,"Deal borough, Monmouth County, New Jersey",77500,16378,N/A,78281,28527,N/A,-1,N/A,-781
3402519840,"Eatontown borough, Monmouth County, New Jersey",64378,3244,"$64,378 ",56845,7631,"$56,845 ",13.3,13.3,7533
3402521570,"Englishtown borough, Monmouth County, New Jersey",82902,6692,"$82,902 ",67778,7231,"$67,778 ",22.3,22.3,15124
3402522440,"Fair Haven borough, Monmouth County, New Jersey",140000,22335,N/A,107305,15035,"$107,305 ",30.5,N/A,32695
3402522950,"Farmingdale borough, Monmouth County, New Jersey",61711,6127,"$61,711 ",62563,4606,"$62,563 ",-1.4,-1.4,-852
3402525200,"Freehold borough, Monmouth County, New Jersey",53375,5606,"$53,375 ",56890,4776,"$56,890 ",-6.2,-6.2,-3515
3402525230,"Freehold township, Monmouth County, New Jersey",102511,6602,"$102,511 ",91083,6149,"$91,083 ",12.5,12.5,11428
3402530690,"Hazlet township, Monmouth County, New Jersey",86867,7085,"$86,867 ",85545,5204,"$85,545 ",1.5,1.5,1322
3402531500,"Highlands borough, Monmouth County, New Jersey",66635,9811,"$66,635 ",73867,13007,N/A,-9.8,N/A,-7232
3402532640,"Holmdel township, Monmouth County, New Jersey",134746,11600,"$134,746 ",138263,9914,"$138,263 ",-2.5,-2.5,-3517
3402533300,"Howell township, Monmouth County, New Jersey",96282,3779,"$96,282 ",88709,3997,"$88,709 ",8.5,8.5,7573
3402534200,"Interlaken borough, Monmouth County, New Jersey",134167,12996,"$134,167 ",116719,13823,"$116,719 ",14.9,14.9,17448
3402536480,"Keansburg borough, Monmouth County, New Jersey",43696,9293,N/A,45318,11066,N/A,-3.6,N/A,-1622
3402536810,"Keyport borough, Monmouth County, New Jersey",54853,4905,"$54,853 ",55466,7401,"$55,466 ",-1.1,-1.1,-613
3402537560,"Lake Como borough, Monmouth County, New Jersey",58464,6934,"$58,464 ",77813,10948,"$77,813 ",-24.9,-24.9,-19349
3402540770,"Little Silver borough, Monmouth County, New Jersey",136344,20366,"$136,344 ",149659,24759,N/A,-8.9,N/A,-13315
3402541010,"Loch Arbour village, Monmouth County, New Jersey",127917,54179,N/A,116250,65752,N/A,10,N/A,11667
3402541310,"Long Branch city, Monmouth County, New Jersey",48736,4193,"$48,736 ",52456,2981,"$52,456 ",-7.1,-7.1,-3720
3402542990,"Manalapan township, Monmouth County, New Jersey",110573,4797,"$110,573 ",101528,4081,"$101,528 ",8.9,8.9,9045
3402543050,"Manasquan borough, Monmouth County, New Jersey",91389,18122,N/A,91375,19144,N/A,0,N/A,14
3402544070,"Marlboro township, Monmouth County, New Jersey",135929,6622,"$135,929 ",129158,4779,"$129,158 ",5.2,5.2,6771
3402544520,"Matawan borough, Monmouth County, New Jersey",82940,5285,"$82,940 ",63012,6469,"$63,012 ",31.6,31.6,19928
3402545990,"Middletown township, Monmouth County, New Jersey",103907,4349,"$103,907 ",94549,2595,"$94,549 ",9.9,9.9,9358
3402546560,"Millstone township, Monmouth County, New Jersey",140038,14481,"$140,038 ",123846,19708,N/A,13.1,N/A,16192
3402547130,"Monmouth Beach borough, Monmouth County, New Jersey",84795,17410,N/A,103750,27957,N/A,-18.3,N/A,-18955
3402549890,"Neptune township, Monmouth County, New Jersey",63881,2843,"$63,881 ",58178,4197,"$58,178 ",9.8,9.8,5703
3402549920,"Neptune City borough, Monmouth County, New Jersey",57827,17881,N/A,58413,13648,N/A,-1,N/A,-586
3402554270,"Ocean township, Monmouth County, New Jersey",78056,5275,"$78,056 ",79030,4390,"$79,030 ",-1.2,-1.2,-974
3402554570,"Oceanport borough, Monmouth County, New Jersey",92413,27556,N/A,91979,12843,"$91,979 ",0.5,N/A,434
3402562430,"Red Bank borough, Monmouth County, New Jersey",62440,5874,"$62,440 ",62122,7687,"$62,122 ",0.5,0.5,318
3402564410,"Roosevelt borough, Monmouth County, New Jersey",77500,18942,N/A,87105,4706,"$87,105 ",-11,N/A,-9605
3402565130,"Rumson borough, Monmouth County, New Jersey",151667,40837,N/A,131875,14821,"$131,875 ",15,N/A,19792
3402566240,"Sea Bright borough, Monmouth County, New Jersey",82125,10127,"$82,125 ",78409,11934,N/A,4.7,N/A,3716
3402566330,"Sea Girt borough, Monmouth County, New Jersey",120341,15126,"$120,341 ",93661,14799,N/A,28.5,N/A,26680
3402567350,"Shrewsbury borough, Monmouth County, New Jersey",124306,21014,N/A,104063,19180,N/A,19.5,N/A,20243
3402567365,"Shrewsbury township, Monmouth County, New Jersey",51705,7971,N/A,50699,3212,"$50,699 ",2,N/A,1006
3402570110,"Spring Lake borough, Monmouth County, New Jersey",108824,21822,N/A,107636,19825,N/A,1.1,N/A,1188
3402570140,"Spring Lake Heights borough, Monmouth County, New Jersey",69767,13183,N/A,73878,5211,"$73,878 ",-5.6,N/A,-4111
3402573020,"Tinton Falls borough, Monmouth County, New Jersey",73278,7741,"$73,278 ",81549,3212,"$81,549 ",-10.1,-10.1,-8271
3402574540,"Union Beach borough, Monmouth County, New Jersey",74081,18282,N/A,59507,8113,"$59,507 ",24.5,N/A,14574
3402574900,"Upper Freehold township, Monmouth County, New Jersey",125781,18104,"$125,781 ",107308,14117,"$107,308 ",17.2,17.2,18473
3402576460,"Wall township, Monmouth County, New Jersey",93768,4369,"$93,768 ",91063,6154,"$91,063 ",3,3,2705
3402579310,"West Long Branch borough, Monmouth County, New Jersey",82067,17149,N/A,84936,16711,N/A,-3.4,N/A,-2869
3402706610,"Boonton town, Morris County, New Jersey",88107,8797,"$88,107 ",79231,7703,"$79,231 ",11.2,11.2,8876
3402706640,"Boonton township, Morris County, New Jersey",116719,18923,N/A,108093,21172,N/A,8,N/A,8626
3402709040,"Butler borough, Morris County, New Jersey",90424,8201,"$90,424 ",78812,6008,"$78,812 ",14.7,14.7,11612
3402712100,"Chatham borough, Morris County, New Jersey",144179,8787,"$144,179 ",136827,14488,"$136,827 ",5.4,5.4,7352
3402712130,"Chatham township, Morris County, New Jersey",135497,9889,"$135,497 ",132411,14988,"$132,411 ",2.3,2.3,3086
3402712580,"Chester borough, Morris County, New Jersey",96042,11508,"$96,042 ",96250,14359,"$96,250 ",-0.2,-0.2,-208
3402712610,"Chester township, Morris County, New Jersey",165481,21140,"$165,481 ",159615,14142,"$159,615 ",3.7,3.7,5866
3402717650,"Denville township, Morris County, New Jersey",105135,6727,"$105,135 ",103799,8429,"$103,799 ",1.3,1.3,1336
3402718070,"Dover town, Morris County, New Jersey",60878,4936,"$60,878 ",57288,3197,"$57,288 ",6.3,6.3,3590
3402719210,"East Hanover township, Morris County, New Jersey",107682,8888,"$107,682 ",111429,13431,"$111,429 ",-3.4,-3.4,-3747
3402723910,"Florham Park borough, Morris County, New Jersey",105368,10991,"$105,368 ",105500,9009,"$105,500 ",-0.1,-0.1,-132
3402729550,"Hanover township, Morris County, New Jersey",109434,7208,"$109,434 ",99607,6719,"$99,607 ",9.9,9.9,9827
3402729700,"Harding township, Morris County, New Jersey",160893,57759,N/A,176917,26021,"$176,917 ",-9.1,N/A,-16024
3402734980,"Jefferson township, Morris County, New Jersey",96298,5588,"$96,298 ",92686,5531,"$92,686 ",3.9,3.9,3612
3402737110,"Kinnelon borough, Morris County, New Jersey",125000,19785,N/A,138405,14755,"$138,405 ",-9.7,N/A,-13405
3402740290,"Lincoln Park borough, Morris County, New Jersey",81661,5321,"$81,661 ",90680,5633,"$90,680 ",-9.9,-9.9,-9019
3402741362,"Long Hill township, Morris County, New Jersey",106453,10966,"$106,453 ",116905,12270,"$116,905 ",-8.9,-8.9,-10452
3402742510,"Madison borough, Morris County, New Jersey",109737,14454,"$109,737 ",103969,9981,"$103,969 ",5.5,5.5,5768
3402745330,"Mendham borough, Morris County, New Jersey",129919,12672,"$129,919 ",129500,25835,N/A,0.3,N/A,419
3402745360,"Mendham township, Morris County, New Jersey",155000,34527,N/A,183085,46593,N/A,-15.3,N/A,-28085
3402746860,"Mine Hill township, Morris County, New Jersey",90682,13092,"$90,682 ",100111,9049,"$100,111 ",-9.4,-9.4,-9429
3402747670,"Montville township, Morris County, New Jersey",118761,8953,"$118,761 ",118750,12171,"$118,750 ",0,0,11
3402748090,"Morris township, Morris County, New Jersey",127074,8712,"$127,074 ",127062,7867,"$127,062 ",0,0,12
3402748210,"Morris Plains borough, Morris County, New Jersey",110167,9892,"$110,167 ",101848,10111,"$101,848 ",8.2,8.2,8319
3402748300,"Morristown town, Morris County, New Jersey",75696,2921,"$75,696 ",61612,5129,"$61,612 ",22.9,22.9,14084
3402748480,"Mountain Lakes borough, Morris County, New Jersey",168611,40050,N/A,181938,31135,N/A,-7.3,N/A,-13327
3402748690,"Mount Arlington borough, Morris County, New Jersey",83549,6828,"$83,549 ",85049,10360,"$85,049 ",-1.8,-1.8,-1500
3402749080,"Mount Olive township, Morris County, New Jersey",88467,5073,"$88,467 ",74809,5337,"$74,809 ",18.3,18.3,13658
3402750130,"Netcong borough, Morris County, New Jersey",51573,9203,N/A,63893,8232,"$63,893 ",-19.3,N/A,-12320
3402756460,"Parsippany-Troy Hills township, Morris County, New Jersey",87081,4067,"$87,081 ",84487,3205,"$84,487 ",3.1,3.1,2594
3402758110,"Pequannock township, Morris County, New Jersey",89435,7069,"$89,435 ",88668,8956,"$88,668 ",0.9,0.9,767
3402761890,"Randolph township, Morris County, New Jersey",117560,8325,"$117,560 ",124192,6847,"$124,192 ",-5.3,-5.3,-6632
3402763300,"Riverdale borough, Morris County, New Jersey",86382,17013,N/A,60842,5386,"$60,842 ",42,N/A,25540
3402764050,"Rockaway borough, Morris County, New Jersey",74080,8620,"$74,080 ",77292,18007,N/A,-4.2,N/A,-3212
3402764080,"Rockaway township, Morris County, New Jersey",102202,5405,"$102,202 ",94754,4843,"$94,754 ",7.9,7.9,7448
3402764980,"Roxbury township, Morris County, New Jersey",104453,4831,"$104,453 ",97705,6017,"$97,705 ",6.9,6.9,6748
3402775890,"Victory Gardens borough, Morris County, New Jersey",45259,8942,N/A,52407,5577,"$52,407 ",-13.6,N/A,-7148
3402777240,"Washington township, Morris County, New Jersey",125149,11009,"$125,149 ",111477,4539,"$111,477 ",12.3,12.3,13672
3402780390,"Wharton borough, Morris County, New Jersey",67205,7498,"$67,205 ",72457,7627,"$72,457 ",-7.2,-7.2,-5252
3402903050,"Barnegat township, Ocean County, New Jersey",66294,3261,"$66,294 ",62414,3328,"$62,414 ",6.2,6.2,3880
3402903130,"Barnegat Light borough, Ocean County, New Jersey",80703,20193,N/A,65192,22730,N/A,23.8,N/A,15511
3402903520,"Bay Head borough, Ocean County, New Jersey",92708,24168,N/A,89167,21521,N/A,4,N/A,3541
3402903940,"Beach Haven borough, Ocean County, New Jersey",76731,25753,N/A,72546,5765,"$72,546 ",5.8,N/A,4185
3402904180,"Beachwood borough, Ocean County, New Jersey",76279,4941,"$76,279 ",77183,5737,"$77,183 ",-1.2,-1.2,-904
3402905305,"Berkeley township, Ocean County, New Jersey",43558,1712,"$43,558 ",42185,1842,"$42,185 ",3.3,3.3,1373
3402907420,"Brick township, Ocean County, New Jersey",69063,2134,"$69,063 ",66844,2708,"$66,844 ",3.3,3.3,2219
3402918670,"Eagleswood township, Ocean County, New Jersey",74821,13874,N/A,59457,4972,"$59,457 ",25.8,N/A,15364
3402930390,"Harvey Cedars borough, Ocean County, New Jersey",74167,22388,N/A,89821,42325,N/A,-17.4,N/A,-15654
3402934530,"Island Heights borough, Ocean County, New Jersey",79728,6626,"$79,728 ",81900,6845,"$81,900 ",-2.7,-2.7,-2172
3402934680,"Jackson township, Ocean County, New Jersey",87629,3792,"$87,629 ",82977,3277,"$82,977 ",5.6,5.6,4652
3402937380,"Lacey township, Ocean County, New Jersey",71835,5809,"$71,835 ",73750,3016,"$73,750 ",-2.6,-2.6,-1915
3402937770,"Lakehurst borough, Ocean County, New Jersey",60431,4788,"$60,431 ",64327,7893,"$64,327 ",-6.1,-6.1,-3896
3402938550,"Lakewood township, Ocean County, New Jersey",41026,1519,"$41,026 ",42618,2074,"$42,618 ",-3.7,-3.7,-1592
3402939390,"Lavallette borough, Ocean County, New Jersey",67813,9267,"$67,813 ",60194,4549,"$60,194 ",12.7,12.7,7619
3402940560,"Little Egg Harbor township, Ocean County, New Jersey",60259,3422,"$60,259 ",57176,3662,"$57,176 ",5.4,5.4,3083
3402941250,"Long Beach township, Ocean County, New Jersey",81908,11538,"$81,908 ",68113,9503,"$68,113 ",20.3,20.3,13795
3402943140,"Manchester township, Ocean County, New Jersey",39826,1832,"$39,826 ",37397,1303,"$37,397 ",6.5,6.5,2429
3402943380,"Mantoloking borough, Ocean County, New Jersey",153750,35940,N/A,119250,52075,N/A,28.9,N/A,34500
3402954300,"Ocean township, Ocean County, New Jersey",72821,6417,"$72,821 ",75633,5375,"$75,633 ",-3.7,-3.7,-2812
3402954450,"Ocean Gate borough, Ocean County, New Jersey",62770,10264,N/A,64028,9376,"$64,028 ",-2,N/A,-1258
3402958590,"Pine Beach borough, Ocean County, New Jersey",86944,14407,N/A,77798,10939,"$77,798 ",11.8,N/A,9146
3402959790,"Plumsted township, Ocean County, New Jersey",74938,14431,N/A,77788,9320,"$77,788 ",-3.7,N/A,-2850
3402959880,"Point Pleasant borough, Ocean County, New Jersey",84163,6021,"$84,163 ",75737,4363,"$75,737 ",11.1,11.1,8426
3402959910,"Point Pleasant Beach borough, Ocean County, New Jersey",74595,10242,"$74,595 ",55946,4815,"$55,946 ",33.3,33.3,18649
3402966450,"Seaside Heights borough, Ocean County, New Jersey",32552,12124,N/A,32426,16688,N/A,0.4,N/A,126
3402966480,"Seaside Park borough, Ocean County, New Jersey",70256,10956,N/A,39886,12630,N/A,76.1,N/A,30370
3402967110,"Ship Bottom borough, Ocean County, New Jersey",71750,17192,N/A,61167,14383,N/A,17.3,N/A,10583
3402969510,"South Toms River borough, Ocean County, New Jersey",65417,7297,"$65,417 ",65208,7084,"$65,208 ",0.3,0.3,209
3402970320,"Stafford township, Ocean County, New Jersey",73968,6516,"$73,968 ",68141,3860,"$68,141 ",8.6,8.6,5827
3402971640,"Surf City borough, Ocean County, New Jersey",67083,11423,N/A,65774,14133,N/A,2,N/A,1309
3402973125,"Toms River township, Ocean County, New Jersey",72939,2139,"$72,939 ",70431,2596,"$70,431 ",3.6,3.6,2508
3402974210,"Tuckerton borough, Ocean County, New Jersey",62161,8685,"$62,161 ",54355,4856,"$54,355 ",14.4,14.4,7806
3403106340,"Bloomingdale borough, Passaic County, New Jersey",73060,7545,"$73,060 ",88532,8512,"$88,532 ",-17.5,-17.5,-15472
3403113690,"Clifton city, Passaic County, New Jersey",68096,3816,"$68,096 ",60412,2855,"$60,412 ",12.7,12.7,7684
3403129070,"Haledon borough, Passaic County, New Jersey",59819,11432,N/A,65125,15419,N/A,-8.1,N/A,-5306
3403130570,"Hawthorne borough, Passaic County, New Jersey",81885,4378,"$81,885 ",71684,7381,"$71,684 ",14.2,14.2,10201
3403140620,"Little Falls township, Passaic County, New Jersey",75923,12063,N/A,77791,8163,"$77,791 ",-2.4,N/A,-1868
3403153040,"North Haledon borough, Passaic County, New Jersey",93641,13750,"$93,641 ",97500,9170,"$97,500 ",-4,-4,-3859
3403156550,"Passaic city, Passaic County, New Jersey",33081,1923,"$33,081 ",31022,1970,"$31,022 ",6.6,6.6,2059
3403157000,"Paterson city, Passaic County, New Jersey",33964,1404,"$33,964 ",33858,1387,"$33,858 ",0.3,0.3,106
3403160090,"Pompton Lakes borough, Passaic County, New Jersey",87284,5465,"$87,284 ",89022,7738,"$89,022 ",-2,-2,-1738
3403161170,"Prospect Park borough, Passaic County, New Jersey",54241,6234,"$54,241 ",67689,5714,"$67,689 ",-19.9,-19.9,-13448
3403163150,"Ringwood borough, Passaic County, New Jersey",106880,4521,"$106,880 ",101039,9373,"$101,039 ",5.8,5.8,5841
3403173140,"Totowa borough, Passaic County, New Jersey",85014,12077,"$85,014 ",68818,10841,N/A,23.5,N/A,16196
3403176730,"Wanaque borough, Passaic County, New Jersey",85373,9854,"$85,373 ",82641,7804,"$82,641 ",3.3,3.3,2732
3403177840,"Wayne township, Passaic County, New Jersey",104825,5214,"$104,825 ",98627,4045,"$98,627 ",6.3,6.3,6198
3403179460,"West Milford township, Passaic County, New Jersey",96773,5869,"$96,773 ",90680,4649,"$90,680 ",6.7,6.7,6093
3403182423,"Woodland Park borough, Passaic County, New Jersey",79732,8052,"$79,732 ",64383,10412,N/A,23.8,N/A,15349
3403300880,"Alloway township, Salem County, New Jersey",69211,9924,"$69,211 ",86434,7054,"$86,434 ",-19.9,-19.9,-17223
3403310610,"Carneys Point township, Salem County, New Jersey",53396,7504,"$53,396 ",51739,5171,"$51,739 ",3.2,3.2,1657
3403321240,"Elmer borough, Salem County, New Jersey",70625,11618,N/A,67500,3130,"$67,500 ",4.6,N/A,3125
3403321330,"Elsinboro township, Salem County, New Jersey",64706,5324,"$64,706 ",63750,9987,N/A,1.5,N/A,956
3403341640,"Lower Alloways Creek township, Salem County, New Jersey",75625,13567,N/A,65947,1646,"$65,947 ",14.7,N/A,9678
3403343200,"Mannington township, Salem County, New Jersey",68636,7969,"$68,636 ",62692,12229,N/A,9.5,N/A,5944
3403354810,"Oldmans township, Salem County, New Jersey",72813,9669,"$72,813 ",65660,5774,"$65,660 ",10.9,10.9,7153
3403357750,"Penns Grove borough, Salem County, New Jersey",32214,6706,N/A,32625,11112,N/A,-1.3,N/A,-411
3403357870,"Pennsville township, Salem County, New Jersey",58368,4785,"$58,368 ",59875,5062,"$59,875 ",-2.5,-2.5,-1507
3403358530,"Pilesgrove township, Salem County, New Jersey",76449,12890,N/A,90000,13858,N/A,-15.1,N/A,-13551
3403359130,"Pittsgrove township, Salem County, New Jersey",69229,6998,"$69,229 ",73508,6038,"$73,508 ",-5.8,-5.8,-4279
3403361470,"Quinton township, Salem County, New Jersey",64128,6847,"$64,128 ",63006,8906,"$63,006 ",1.8,1.8,1122
3403365490,"Salem city, Salem County, New Jersey",27047,3088,"$27,047 ",28397,2246,"$28,397 ",-4.8,-4.8,-1350
3403375110,"Upper Pittsgrove township, Salem County, New Jersey",83534,12986,N/A,71938,9611,"$71,938 ",16.1,N/A,11596
3403382720,"Woodstown borough, Salem County, New Jersey",82212,15564,N/A,60234,10696,N/A,36.5,N/A,21978
3403504450,"Bedminster township, Somerset County, New Jersey",95632,8990,"$95,632 ",100151,13912,"$100,151 ",-4.5,-4.5,-4519
3403505560,"Bernards township, Somerset County, New Jersey",126667,10893,"$126,667 ",123470,5253,"$123,470 ",2.6,2.6,3197
3403505590,"Bernardsville borough, Somerset County, New Jersey",103903,18193,N/A,139340,16545,"$139,340 ",-25.4,N/A,-35437
3403506790,"Bound Brook borough, Somerset County, New Jersey",63017,6321,"$63,017 ",69657,5853,"$69,657 ",-9.5,-9.5,-6640
3403507180,"Branchburg township, Somerset County, New Jersey",120968,8368,"$120,968 ",116759,7649,"$116,759 ",3.6,3.6,4209
3403507720,"Bridgewater township, Somerset County, New Jersey",114963,4506,"$114,963 ",105990,3341,"$105,990 ",8.5,8.5,8973
3403522890,"Far Hills borough, Somerset County, New Jersey",106250,30858,N/A,110625,16607,N/A,-4,N/A,-4375
3403524900,"Franklin township, Somerset County, New Jersey",92311,3540,"$92,311 ",88118,2199,"$88,118 ",4.8,4.8,4193
3403527510,"Green Brook township, Somerset County, New Jersey",131702,20421,N/A,115549,15892,"$115,549 ",14,N/A,16153
3403531890,"Hillsborough township, Somerset County, New Jersey",115200,5158,"$115,200 ",102834,4252,"$102,834 ",12,12,12366
3403543620,"Manville borough, Somerset County, New Jersey",62787,3683,"$62,787 ",54397,4832,"$54,397 ",15.4,15.4,8390
3403546590,"Millstone borough, Somerset County, New Jersey",81250,15462,N/A,95625,14322,"$95,625 ",-15,N/A,-14375
3403547580,"Montgomery township, Somerset County, New Jersey",154375,6765,"$154,375 ",145827,9810,"$145,827 ",5.9,5.9,8548
3403553280,"North Plainfield borough, Somerset County, New Jersey",69363,6334,"$69,363 ",64492,2980,"$64,492 ",7.6,7.6,4871
3403557300,"Peapack and Gladstone borough, Somerset County, New Jersey",150795,28559,N/A,121382,13657,"$121,382 ",24.2,N/A,29413
3403561980,"Raritan borough, Somerset County, New Jersey",73565,9673,"$73,565 ",70979,5406,"$70,979 ",3.6,3.6,2586
3403564320,"Rocky Hill borough, Somerset County, New Jersey",95625,14429,N/A,97656,25825,N/A,-2.1,N/A,-2031
3403568460,"Somerville borough, Somerset County, New Jersey",72527,5379,"$72,527 ",68559,5878,"$68,559 ",5.8,5.8,3968
3403568730,"South Bound Brook borough, Somerset County, New Jersey",73094,10329,"$73,094 ",70034,10049,"$70,034 ",4.4,4.4,3060
3403576940,"Warren township, Somerset County, New Jersey",144233,11616,"$144,233 ",131329,20332,N/A,9.8,N/A,12904
3403577600,"Watchung borough, Somerset County, New Jersey",104821,24315,N/A,100000,21605,N/A,4.8,N/A,4821
3403701330,"Andover borough, Sussex County, New Jersey",73125,13225,N/A,77969,23112,N/A,-6.2,N/A,-4844
3403701360,"Andover township, Sussex County, New Jersey",108896,11034,"$108,896 ",91500,7083,"$91,500 ",19,19,17396
3403707300,"Branchville borough, Sussex County, New Jersey",65625,7088,"$65,625 ",57083,31972,N/A,15,N/A,8542
3403709160,"Byram township, Sussex County, New Jersey",104900,7634,"$104,900 ",102904,6919,"$102,904 ",1.9,1.9,1996
3403724810,"Frankford township, Sussex County, New Jersey",93462,8422,"$93,462 ",98004,6085,"$98,004 ",-4.6,-4.6,-4542
3403724930,"Franklin borough, Sussex County, New Jersey",65000,9744,"$65,000 ",64362,9000,"$64,362 ",1,1,638
3403725140,"Fredon township, Sussex County, New Jersey",102500,21083,N/A,109130,11949,"$109,130 ",-6.1,N/A,-6630
3403727420,"Green township, Sussex County, New Jersey",122000,9263,"$122,000 ",98125,10514,"$98,125 ",24.3,24.3,23875
3403729220,"Hamburg borough, Sussex County, New Jersey",72237,8177,"$72,237 ",60558,6128,"$60,558 ",19.3,19.3,11679
3403729490,"Hampton township, Sussex County, New Jersey",76722,7672,"$76,722 ",85318,10999,"$85,318 ",-10.1,-10.1,-8596
3403729850,"Hardyston township, Sussex County, New Jersey",90625,9753,"$90,625 ",80739,5172,"$80,739 ",12.2,12.2,9886
3403732910,"Hopatcong borough, Sussex County, New Jersey",85357,10478,"$85,357 ",83814,4573,"$83,814 ",1.8,1.8,1543
3403737440,"Lafayette township, Sussex County, New Jersey",98141,4844,"$98,141 ",89219,9397,"$89,219 ",10,10,8922
3403747430,"Montague township, Sussex County, New Jersey",63516,15677,N/A,62736,5058,"$62,736 ",1.2,N/A,780
3403751930,"Newton town, Sussex County, New Jersey",49223,4503,"$49,223 ",44109,6277,"$44,109 ",11.6,11.6,5114
3403754660,"Ogdensburg borough, Sussex County, New Jersey",82656,12950,N/A,80648,7737,"$80,648 ",2.5,N/A,2008
3403765700,"Sandyston township, Sussex County, New Jersey",75417,6303,"$75,417 ",58102,10711,N/A,29.8,N/A,17315
3403769690,"Sparta township, Sussex County, New Jersey",126090,8656,"$126,090 ",107562,6249,"$107,562 ",17.2,17.2,18528
3403770380,"Stanhope borough, Sussex County, New Jersey",86164,6201,"$86,164 ",73024,9419,"$73,024 ",18,18,13140
3403770890,"Stillwater township, Sussex County, New Jersey",78056,11262,"$78,056 ",81926,10097,"$81,926 ",-4.7,-4.7,-3870
3403771670,"Sussex borough, Sussex County, New Jersey",42188,6426,N/A,37481,8602,N/A,12.6,N/A,4707
3403775740,"Vernon township, Sussex County, New Jersey",87707,4250,"$87,707 ",79450,5002,"$79,450 ",10.4,10.4,8257
3403776640,"Walpack township, Sussex County, New Jersey",16750,19278,N/A,105625,206334,N/A,,N/A,-88875
3403776790,"Wantage township, Sussex County, New Jersey",79965,13563,N/A,78275,7371,"$78,275 ",2.2,N/A,1690
3403905320,"Berkeley Heights township, Union County, New Jersey",139500,10085,"$139,500 ",129824,9754,"$129,824 ",7.5,7.5,9676
3403913150,"Clark township, Union County, New Jersey",91295,11231,"$91,295 ",78044,5527,"$78,044 ",17,17,13251
3403915640,"Cranford township, Union County, New Jersey",116276,6096,"$116,276 ",104315,4838,"$104,315 ",11.5,11.5,11961
3403921000,"Elizabeth city, Union County, New Jersey",43966,1350,"$43,966 ",43707,1645,"$43,707 ",0.6,0.6,259
3403922860,"Fanwood borough, Union County, New Jersey",123003,8023,"$123,003 ",115382,11427,"$115,382 ",6.6,6.6,7621
3403925800,"Garwood borough, Union County, New Jersey",76513,14900,N/A,67344,7237,"$67,344 ",13.6,N/A,9169
3403931980,"Hillside township, Union County, New Jersey",59720,6709,"$59,720 ",60602,5364,"$60,602 ",-1.5,-1.5,-882
3403936690,"Kenilworth borough, Union County, New Jersey",100680,9139,"$100,680 ",68700,8823,"$68,700 ",46.6,46.6,31980
3403940350,"Linden city, Union County, New Jersey",62778,3140,"$62,778 ",56467,2172,"$56,467 ",11.2,11.2,6311
3403948510,"Mountainside borough, Union County, New Jersey",146389,24710,N/A,126287,20112,N/A,15.9,N/A,20102
3403951810,"New Providence borough, Union County, New Jersey",139071,18527,"$139,071 ",111858,12188,"$111,858 ",24.3,24.3,27213
3403959190,"Plainfield city, Union County, New Jersey",53099,3837,"$53,099 ",50102,3275,"$50,102 ",6,6,2997
3403961530,"Rahway city, Union County, New Jersey",59076,3242,"$59,076 ",61751,5557,"$61,751 ",-4.3,-4.3,-2675
3403964620,"Roselle borough, Union County, New Jersey",43122,5068,"$43,122 ",60558,3771,"$60,558 ",-28.8,-28.8,-17436
3403964650,"Roselle Park borough, Union County, New Jersey",61122,6159,"$61,122 ",57931,5451,"$57,931 ",5.5,5.5,3191
3403966060,"Scotch Plains township, Union County, New Jersey",112220,6812,"$112,220 ",101702,2421,"$101,702 ",10.3,10.3,10518
3403970020,"Springfield township, Union County, New Jersey",100461,7576,"$100,461 ",86458,10047,"$86,458 ",16.2,16.2,14003
3403971430,"Summit city, Union County, New Jersey",121509,9633,"$121,509 ",111989,12316,"$111,989 ",8.5,8.5,9520
3403974480,"Union township, Union County, New Jersey",73249,5106,"$73,249 ",72181,3995,"$72,181 ",1.5,1.5,1068
3403979040,"Westfield town, Union County, New Jersey",138165,7242,"$138,165 ",128418,9816,"$128,418 ",7.6,7.6,9747
3403981650,"Winfield township, Union County, New Jersey",57237,6163,"$57,237 ",61146,14796,N/A,-6.4,N/A,-3909
3404100670,"Allamuchy township, Warren County, New Jersey",84707,7812,"$84,707 ",86161,7688,"$86,161 ",-1.7,-1.7,-1454
3404101030,"Alpha borough, Warren County, New Jersey",60577,9707,N/A,62066,11985,N/A,-2.4,N/A,-1489
3404104990,"Belvidere town, Warren County, New Jersey",59737,6123,"$59,737 ",57969,9484,N/A,3,N/A,1768
3404106160,"Blairstown township, Warren County, New Jersey",83953,11962,"$83,953 ",80436,8549,"$80,436 ",4.4,4.4,3517
3404124960,"Franklin township, Warren County, New Jersey",90536,8411,"$90,536 ",84718,10054,"$84,718 ",6.9,6.9,5818
3404125320,"Frelinghuysen township, Warren County, New Jersey",98250,8755,"$98,250 ",92500,7191,"$92,500 ",6.2,6.2,5750
3404128260,"Greenwich township, Warren County, New Jersey",114468,11355,"$114,468 ",105417,16046,N/A,8.6,N/A,9051
3404128710,"Hackettstown town, Warren County, New Jersey",69009,10653,N/A,55929,5817,"$55,929 ",23.4,N/A,13080
3404129820,"Hardwick township, Warren County, New Jersey",102206,7315,"$102,206 ",89000,8506,"$89,000 ",14.8,14.8,13206
3404130090,"Harmony township, Warren County, New Jersey",81103,10263,"$81,103 ",80536,11520,"$80,536 ",0.7,0.7,567
3404133060,"Hope township, Warren County, New Jersey",92500,10932,"$92,500 ",76029,5750,"$76,029 ",21.7,21.7,16471
3404133930,"Independence township, Warren County, New Jersey",76618,14623,N/A,84028,5584,"$84,028 ",-8.8,N/A,-7410
3404137320,"Knowlton township, Warren County, New Jersey",81810,10180,"$81,810 ",81810,5211,N/A,0,N/A,0
3404140110,"Liberty township, Warren County, New Jersey",94844,10871,"$94,844 ",77679,9940,"$77,679 ",22.1,22.1,17165
3404141490,"Lopatcong township, Warren County, New Jersey",73183,6292,"$73,183 ",76429,8034,"$76,429 ",-4.2,-4.2,-3246
3404143320,"Mansfield township, Warren County, New Jersey",63664,9799,N/A,71847,9621,"$71,847 ",-11.4,N/A,-8183
3404155530,"Oxford township, Warren County, New Jersey",71484,3759,"$71,484 ",65469,11484,N/A,9.2,N/A,6015
3404158350,"Phillipsburg town, Warren County, New Jersey",44214,4159,"$44,214 ",43125,3035,"$43,125 ",2.5,2.5,1089
3404159820,"Pohatcong township, Warren County, New Jersey",72308,10149,"$72,308 ",70577,10022,"$70,577 ",2.5,2.5,1731
3404177270,"Washington borough, Warren County, New Jersey",55547,9764,N/A,58750,14854,N/A,-5.5,N/A,-3203
3404177300,"Washington township, Warren County, New Jersey",106618,31520,N/A,88064,7360,"$88,064 ",21.1,N/A,18554
3404180570,"White township, Warren County, New Jersey",57973,10731,N/A,63462,7601,"$63,462 ",-8.6,N/A,-5489